{
  "best_u_rows": {
    "baseline": {
      "schedule": "every_step",
      "order": "first_order",
      "posterior_quality": 4.367923275135595,
      "physical_consistency": 0.0009988300476315908,
      "runtime": 0.7356969426521877,
      "trajectory_stability": 4136.357999937486,
      "u_error": 1.9232103175766448,
      "v_error": 1.2943560307807165,
      "obs_error": 1.1503569267782343,
      "ce_squared": 1.452048237832406e-06,
      "projection_time": 0.07515710648537303,
      "projection_calls": 100.0,
      "projection_iterations": 102.90364583333333,
      "post_u_error": 1.9232114106308418,
      "post_v_error": 1.2943263326671666,
      "post_ce": 2.5047458531371183e-12,
      "rank_posterior_quality": 1.0,
      "rank_physical_consistency": 5.0,
      "rank_runtime": 8.0,
      "rank_trajectory_stability": 13.0
    },
    "g8": {
      "schedule": "every_step",
      "order": "first_order",
      "posterior_quality": 3.5508156640716932,
      "physical_consistency": 0.0038370680682787324,
      "runtime": 1.3465375480057749,
      "trajectory_stability": 3713.5206887796126,
      "u_error": 1.5641309744033147,
      "v_error": 1.0470243753591326,
      "obs_error": 0.9396603143092458,
      "ce_squared": 3.941137906441239e-05,
      "projection_time": 0.13874277001377777,
      "projection_calls": 100.0,
      "projection_iterations": 102.96354166666667,
      "post_u_error": 1.5641359653616458,
      "post_v_error": 1.0469389633895216,
      "post_ce": 7.576659273579115e-13,
      "rank_posterior_quality": 4.0,
      "rank_physical_consistency": 5.0,
      "rank_runtime": 8.0,
      "rank_trajectory_stability": 13.0
    },
    "g10": {
      "schedule": "every_step",
      "order": "first_order",
      "posterior_quality": 3.463267547660069,
      "physical_consistency": 0.005712969731761555,
      "runtime": 1.3185361196131755,
      "trajectory_stability": 3756.1927581811688,
      "u_error": 1.5484344627143714,
      "v_error": 1.0102338749917634,
      "obs_error": 0.9045992099539338,
      "ce_squared": 9.87950674294772e-05,
      "projection_time": 0.1440255897153596,
      "projection_calls": 100.0,
      "projection_iterations": 102.96354166666667,
      "post_u_error": 1.5484404096146376,
      "post_v_error": 1.0101168005780314,
      "post_ce": 1.5381304688222776e-12,
      "rank_posterior_quality": 5.0,
      "rank_physical_consistency": 5.0,
      "rank_runtime": 9.0,
      "rank_trajectory_stability": 13.0
    },
    "g14": {
      "schedule": "every_step",
      "order": "first_order",
      "posterior_quality": 3.3035047309658228,
      "physical_consistency": 0.01033725439790127,
      "runtime": 1.3324601684022734,
      "trajectory_stability": 3839.4411712703513,
      "u_error": 1.5188574480910066,
      "v_error": 0.9432213754817327,
      "obs_error": 0.8414259073930831,
      "ce_squared": 0.00037707909026572046,
      "projection_time": 0.13962497543373806,
      "projection_calls": 100.0,
      "projection_iterations": 102.96614583333333,
      "post_u_error": 1.5188647145550433,
      "post_v_error": 0.9430325073984361,
      "post_ce": 2.4128530053343624e-12,
      "rank_posterior_quality": 6.0,
      "rank_physical_consistency": 5.0,
      "rank_runtime": 8.0,
      "rank_trajectory_stability": 13.0
    },
    "g16": {
      "schedule": "every_step",
      "order": "first_order",
      "posterior_quality": 3.229541268615281,
      "physical_consistency": 0.012945283156596916,
      "runtime": 1.374069187520945,
      "trajectory_stability": 3876.7908356251005,
      "u_error": 1.5049570681140567,
      "v_error": 0.9120223990483942,
      "obs_error": 0.81256180145283,
      "ce_squared": 0.0006291435163484209,
      "projection_time": 0.15139103590869732,
      "projection_calls": 100.0,
      "projection_iterations": 102.97916666666667,
      "post_u_error": 1.5049647848671244,
      "post_v_error": 0.9117962788915684,
      "post_ce": 4.524968044366311e-12,
      "rank_posterior_quality": 6.0,
      "rank_physical_consistency": 5.0,
      "rank_runtime": 8.0,
      "rank_trajectory_stability": 13.0
    }
  },
  "best_objectives": {
    "posterior_quality": {
      "run": "g16",
      "schedule": "every_5",
      "order": "gauss_newton",
      "value": 3.136363150367339
    },
    "physical_consistency": {
      "run": "g16",
      "schedule": "every_step",
      "order": "gauss_newton",
      "value": 0.0003591550309380946
    },
    "runtime": {
      "run": "baseline",
      "schedule": "none",
      "order": "none",
      "value": 0.6085859075816794
    },
    "trajectory_stability": {
      "run": "baseline",
      "schedule": "none",
      "order": "none",
      "value": 0.0
    },
    "u_error": {
      "run": "g16",
      "schedule": "every_step",
      "order": "first_order",
      "value": 1.5049570681140567
    },
    "v_error": {
      "run": "g16",
      "schedule": "every_step",
      "order": "gauss_newton",
      "value": 0.8762161342615226
    },
    "obs_error": {
      "run": "g16",
      "schedule": "none",
      "order": "none",
      "value": 0.41970651704468764
    }
  },
  "deltas": {
    "g16_vs_baseline_best_u": {
      "posterior_quality": -26.062316913865093,
      "u_error": -21.747660442546458,
      "v_error": -29.538521290908665,
      "obs_error": -29.364375304928682,
      "runtime": 86.77108845490444
    },
    "g16_vs_g10_best_u": {
      "posterior_quality": -6.748721426466271,
      "u_error": -2.807829175030096,
      "v_error": -9.721657368118837,
      "obs_error": -10.174385240264671,
      "runtime": 4.2117213993395515
    }
  }
}